When buyer trying to login with correct credential,suleyman.aktas@n11.com,Passw0rd,true,
When buyer trying to login with wrong password,suleyman.aktas@n11.com,wrongPassw0rd,false,E-posta adresiniz ve/veya şifreniz hatalı.
When buyer trying to login with blank password,suleyman.aktas@n11.com,,false,Lütfen şifrenizi giriniz.
When buyer trying to login with blank email,,Passw0rd,false,Lütfen geçerli bir e-posta adresi giriniz.
When buyer trying to login with blank email and password,,,false,Lütfen geçerli bir e-posta adresi giriniz.
