STATUS CODE,URL
429,https://www.trendyol.com/trendyol-collection---yeni-sezon-firsatlari/butikdetay/603631
429,https://www.trendyol.com/supermarkette-fenomenlerin-secimleri/butikdetay/603456
429,https://www.trendyol.com/sr?wc=105&tag=kirmizi_kampanya_urunu,turuncu_kampanya_urunu,sari_kampanya_urunu&sst=MOST_FAVOURITE&os=1
429,https://www.trendyol.com/fenomenlerin-kozmetik-secimleri/butikdetay/603009
429,https://www.trendyol.com/happiness-istanbul/butikdetay/604122
429,https://www.trendyol.com/ev-urunlerinde-bahar-firsatlari---200-e-30-tl-indirim/butikdetay/603950
429,https://www.trendyol.com/bebek-bakimda-bahar-firsatlari/butikdetay/603581
429,https://www.trendyol.com/defacto--kuponlu-urunler/butikdetay/603894
200,https://www.trendyol.com/supermarkette-buyuk-bahar-firsati/butikdetay/603771
200,https://www.trendyol.com/sr?cid=603798,603799
200,https://www.trendyol.com/ev-urunlerinde-bahar-firsatlari---500-e-75-tl-indirim/butikdetay/603949
200,https://www.trendyol.com/ev-giyim--ic-giyim---sepette-surpriz-indirim/butikdetay/603937
200,https://www.trendyol.com/penti---ev-giyim--ic-giyim/butikdetay/594810
429,https://www.trendyol.com/sr?cid=603733,603734
429,https://www.trendyol.com/eviniz-icin-her-sey/butikdetay/603273
429,https://www.trendyol.com/massimo-dutti--yeni-sezon/butikdetay/594929
429,https://www.trendyol.com/stradivarius---yeni-sezon/butikdetay/594571
200,https://www.trendyol.com/armonika---kadin-tekstil/butikdetay/603606
200,https://www.trendyol.com/sr?cid=603650,603651,603652,603653,603699
200,https://www.trendyol.com/temel-mutfak-ihtiyaclari-150-tl-uzeri-20-tl-indirim/butikdetay/603661
200,https://www.trendyol.com/sr?cid=603731
200,https://www.trendyol.com/mavi---yeni-sezon/butikdetay/603620
200,https://www.trendyol.com/bershka---yeni-sezon/butikdetay/594568
200,https://www.trendyol.com/soframutfakta-kacirilmaz-firsat/butikdetay/603307
200,https://www.trendyol.com/sr?cid=604040,604041
200,https://www.trendyol.com/karacakaraca-homeemsan/butikdetay/603812
200,https://www.trendyol.com/pierre-cardin---canta--cuzdan-firsati/butikdetay/603693
200,https://www.trendyol.com/sr?wc=1104,145465,145478,103678,143251,104211,144648,108939,1201,145471&tag=beyaz_kampanya_urunu,kirmizi_kampanya_urunu,turuncu_kampanya_urunu,sari_kampanya_urunu&sst=MOST_FAVOURITE
429,https://www.trendyol.com/yatas-bedding---ev-tekstili/butikdetay/603403
200,https://www.trendyol.com/sr?cid=603639&sst=MOST_RECENT
200,https://www.trendyol.com/saglik-tum-urunler/butikdetay/603375
429,https://www.trendyol.com/hotic/butikdetay/603637
429,https://www.trendyol.com/sr?cid=603746,603830
429,https://www.trendyol.com/flo---buyuk-bahar/butikdetay/603616
200,https://www.trendyol.com/150-tl-alti-en-cok-fav-alan-urunler/butikdetay/602952
200,https://www.trendyol.com/sr?wc=55,1117&bu=100161%2C100160&os=1&sst=BEST_SELLER
200,https://www.trendyol.com/english-home---buyuk-bahar/butikdetay/603913
200,https://www.trendyol.com/sr?cid=603654,603655,603656
200,https://www.trendyol.com/gap---kadin--erkek--cocuk-tekstil/butikdetay/594587
200,https://www.trendyol.com/madame-coco/butikdetay/603202
200,https://www.trendyol.com/petshopta-buyuk-bahar-coskusu/butikdetay/603382
200,https://www.trendyol.com/la-roche-posay--vichy--cerave/butikdetay/603196
200,https://www.trendyol.com/u-s--polo-assn----buyuk-bahar---kadin--erkekcocuk-koleksiyonu/butikdetay/603626
200,https://www.trendyol.com/deripabuc---buyuk-bahar-kampanyasi/butikdetay/603618
200,https://www.trendyol.com/oysho--yeni-sezon/butikdetay/594928
200,https://www.trendyol.com/uygun-fiyatli-urunler/butikdetay/602238
200,https://www.trendyol.com/sr?mid=2602&os=1&sst=BEST_SELLER
200,https://www.trendyol.com/denokids---buyuk-bahar-kampanyasi/butikdetay/603644
200,https://www.trendyol.com/cocuk-giyimde-fenomenlerin-secimi/butikdetay/603368
200,https://www.trendyol.com/sr?cid=603658,603659,603660,603662
200,https://www.trendyol.com/luks--tasarim-sikligi---influencer-secimleri/butikdetay/603968
200,https://www.trendyol.com/civil---buyuk-bahar-kampanyasi/butikdetay/603825
200,https://www.trendyol.com/dev-markalarda-influencer-secimleri/butikdetay/602759
200,https://www.trendyol.com/trendyol-collection---garage-sale/butikdetay/602751
200,https://www.trendyol.com/ipekyol-yaz-firsatlari/butikdetay/599511
200,https://www.trendyol.com/banyonuz-icin-her-sey/butikdetay/601757
200,https://www.trendyol.com/gida-ve-icecek-firsatlari---buyuk-bahar-kampanyasi/butikdetay/603232
200,https://www.trendyol.com/flormar/butikdetay/603998
200,https://www.trendyol.com/sr?cid=603975
200,https://www.trendyol.com/pullbear---yeni-sezon/butikdetay/594899
200,https://www.trendyol.com/sr?tag=kirmizi_kampanya_urunu%2Cturuncu_kampanya_urunu%2Csari_kampanya_urunu%2Ckategori_encoksatanlar&mid=4442
200,https://www.trendyol.com/spor-markalarinda-firsatlar/butikdetay/598114
200,https://www.trendyol.com/sr?wb=44
200,https://www.trendyol.com/saglikta-2-al-sepette-indirim/butikdetay/604086
200,https://www.trendyol.com/sr?mid=155201&os=1&sst=BEST_SELLER
200,https://www.trendyol.com/evinizin-yildizlari---soframutfak/butikdetay/603306
200,https://www.trendyol.com/sr?cid=595931,596101,599967,599969,604009
200,https://www.trendyol.com/temel-mutfak-ihtiyaclari-450-tl-uzeri-50-tl-indirim/butikdetay/603664
200,https://www.trendyol.com/suwen---ev-giyim--ic-giyim/butikdetay/594807
200,https://www.trendyol.com/sr?cid=603744
200,https://www.trendyol.com/bilge-karga/butikdetay/603412
200,https://www.trendyol.com/sr?fl=ev-giyim-ic-giyim-mayo---fenomen-secimleri&tag=sari_kampanya_urunu%2Cturuncu_kampanya_urunu%2Ckirmizi_kampanya_urunu%2Csiyah_kampanya_urunu%2Ckategori_encoksatanlar&wc=82
200,https://www.trendyol.com/hali--perde-firsat-urunleri/butikdetay/583152
200,https://www.trendyol.com/kore-den-gelen-guzellik/butikdetay/603729
200,https://www.trendyol.com/evde-indirim-zamani/butikdetay/603288
200,https://www.trendyol.com/sr/kozmetik-x-c89?fl=encokfavorilenenurunler,encoksatanurunler&wc=100,85,87,103717&bu=100172,100173,100157,100158,100279
200,https://www.trendyol.com/bahar-firsatlari---net-indirim---buyuk-bahar/butikdetay/603711
200,https://www.trendyol.com/sateen---erkek--kadin-tekstil---buyuk-bahar/butikdetay/603709
200,https://www.trendyol.com/kemal-tanca---buyuk-bahar/butikdetay/603649
200,https://www.trendyol.com/riccon---buyuk-bahar-indirimleri/butikdetay/603592
200,https://www.trendyol.com/sr?cid=603400,603402,603404,603405,603407,603411,603413
200,https://www.trendyol.com/cilt-bakim-aletleri/butikdetay/594926
200,https://www.trendyol.com/sr?mid=1188
200,https://www.trendyol.com/ev-tekstili-urunlerinde-firsat-var/butikdetay/601798
200,https://www.trendyol.com/ev-gereclerinde-kacirilmaz-firsat/butikdetay/603442
200,https://www.trendyol.com/sr?mid=220175&os=1&sst=SCORE
200,https://www.trendyol.com/defacto-kids---kupon/butikdetay/604134
200,https://www.trendyol.com/magaza/mavi-m-63?sst=0
200,https://www.trendyol.com/zuhre-ana/butikdetay/602580
200,https://www.trendyol.com/sr?wg=1&tag=kirmizi_kampanya_urunu,turuncu_kampanya_urunu,sari_kampanya_urunu&bu=100148&sst=BEST_SELLER
200,https://www.trendyol.com/aksesuar--saat--gozluk-cok-satanlar/butikdetay/603261
200,https://www.trendyol.com/sr?wc=89%2C103799&fl=encokfavorilenenurunler%2Cencoksatanurunler&bu=100143%2C100108%2C100113%2C100142%2C100141%2C100144%2C100100&sst=MOST_FAVOURITE
200,https://www.trendyol.com/aydinlatmada-indirim-zamani/butikdetay/599598
200,https://www.trendyol.com/sr?cid=603332,603333,603334,603336,603339,603343,603346
200,https://www.trendyol.com/yatas-bedding/butikdetay/603345
200,https://www.trendyol.com/parfumde-dev-indirim/butikdetay/603329
200,https://www.trendyol.com/sr?wg=1,2&wc=110,111,112&tag=kirmizi_kampanya_urunu,turuncu_kampanya_urunu,sari_kampanya_urunu&bu=100093,100094&sst=MOST_FAVOURITE
200,https://www.trendyol.com/ev-bakim-ve-temizlikte-sepette-indirimler/butikdetay/602620
200,https://www.trendyol.com/magaza/julude-m-361400?sst=0
200,https://www.trendyol.com/marks--spencer---kadin--erkek--cocuk-tekstil/butikdetay/594575
200,https://www.trendyol.com/sr?cid=603640&sst=MOST_RECENT
200,https://www.trendyol.com/buyuk-beden-stilleri-by-sans---kadin-tekstil/butikdetay/603414
429,https://www.trendyol.com/sr?cid=603149,603145,603146,603147,603148,603139,603140,603142,603952,603954,603955
429,https://www.trendyol.com/gumus-takilarda-beklenen-indirim/butikdetay/603428
429,https://www.trendyol.com/ev-bakim-ve-temizlikte-bayram-temizligi-dev-firsat/butikdetay/603689
429,https://www.trendyol.com/ltb/butikdetay/593704
429,https://www.trendyol.com/sr?wg=1%2C2%2C3%2C12&rd=true&bu=100152&sst=MOST_FAVOURITE
429,https://www.trendyol.com/by-harmony/butikdetay/591697
429,https://www.trendyol.com/inan-ayakkabi---buyuk-bahar-kampanyasi/butikdetay/603617
429,https://www.trendyol.com/fossil---canta--cuzdan-firsati/butikdetay/603692
200,https://www.trendyol.com/zuber-firsatlar/butikdetay/603691
200,https://www.trendyol.com/sinoz/butikdetay/603602
200,https://www.trendyol.com/sr?mid=4551&os=1&sst=BEST_SELLER
200,https://www.trendyol.com/avon/butikdetay/603972
429,https://www.trendyol.com/sr?wc=102377,1161,1160,1163,104074,110275,1012&tag=kirmizi_kampanya_urunu,turuncu_kampanya_urunu,sari_kampanya_urunu,beyaz_kampanya_urunu&sst=MOST_FAVOURITE
429,https://www.trendyol.com/saglik-urunlerinde-buyuk-firsatlar/butikdetay/604087
429,https://www.trendyol.com/w-lab-kozmetik/butikdetay/602889
429,https://www.trendyol.com/karacaemsankaraca-home---150-30/butikdetay/604133
429,https://www.trendyol.com/the-purest-solutions/butikdetay/603524
200,https://www.trendyol.com/sr?tag=kirmizi_kampanya_urunu,turuncu_kampanya_urunu,sari_kampanya_urunu&cid=602687&sst=MOST_FAVOURITE
200,https://www.trendyol.com/the-purest-solutions/butikdetay/600376
200,https://www.trendyol.com/mavi-isik-filtreli-gozlukler/butikdetay/603421
200,https://www.trendyol.com/sr?wc=105478&tag=kirmizi_kampanya_urunu,turuncu_kampanya_urunu,sari_kampanya_urunu&qt=ev%20bak%C4%B1m%20ve%20temizlik&st=ev%20bak%C4%B1m%20ve%20temizlik&os=1
200,https://www.trendyol.com/sacta-devrim/butikdetay/603061
200,https://www.trendyol.com/migros-kargo-operasyonu/butikdetay/576816
200,https://www.trendyol.com/nivea-bahar-firsati/butikdetay/603342
200,https://www.trendyol.com/happy-center-mart-firsati/butikdetay/600163
429,https://www.trendyol.com/fullamoda---kadin--erkek-tekstil/butikdetay/394702
200,https://www.trendyol.com/sr?cid=603732,603745
200,https://www.trendyol.com/sr?cid=604059,603204
429,https://www.trendyol.com/dermokozmetikte-en-iyiler/butikdetay/603195
429,https://www.trendyol.com/w-lab-kozmetik/butikdetay/603605
429,https://www.trendyol.com/new-well/butikdetay/603999
429,https://www.trendyol.com/jumbo/butikdetay/603309
429,https://www.trendyol.com/fenomenlerin-aksesuar--saat--gozluk-secimleri/butikdetay/603504
429,https://www.trendyol.com/ipekyol--twist-kadin-tekstil/butikdetay/598193
429,https://www.trendyol.com/kisisel-bakimda-ramazan-firsatlari/butikdetay/603576
429,https://www.trendyol.com/sr?wc=143835&tag=kirmizi_kampanya_urunu,turuncu_kampanya_urunu,sari_kampanya_urunu&sst=BEST_SELLER
429,https://www.trendyol.com/bershka---buyuk-bahar-kampanyasi/butikdetay/603685
429,https://www.trendyol.com/sr?wc=82&fl=ev-giyim-ic-giyim-mayo---fenomen-secimleri
429,https://www.trendyol.com/trend-klasiklerde-firsatlar/butikdetay/595639
429,https://www.trendyol.com/shiseido/butikdetay/603366
429,https://www.trendyol.com/sr?cid=603293,603295,603296,603297,604110
429,https://www.trendyol.com/yargici-buyuk-bahar-kampanyasi/butikdetay/604115
429,https://www.trendyol.com/bilge-karga/butikdetay/604002
429,https://www.trendyol.com/sr?cid=604053,603239
429,https://www.trendyol.com/desa---sepette--20-indirim/butikdetay/603619
429,https://www.trendyol.com/diva-optik/butikdetay/573495
429,https://www.trendyol.com/sevim--gizzey---pijama--ic-giyim/butikdetay/594824
429,https://www.trendyol.com/sr?fl=en-cok-sepete-eklenen-aksesuarlar&sst=BEST_SELLER
429,https://www.trendyol.com/saat--saat/butikdetay/604003
429,https://www.trendyol.com/skinfood/butikdetay/603726
429,https://www.trendyol.com/sr?prm=2902906&mid=105272
429,https://www.trendyol.com/limonian--mjcare/butikdetay/603724
429,https://www.trendyol.com/u-s-polo---buyuk-bahar-indirimleri-acar/butikdetay/603594
429,https://www.trendyol.com/sr?wc=103113,103112,109327,109328,109335,108626,104584&tag=kirmizi_kampanya_urunu,turuncu_kampanya_urunu,sari_kampanya_urunu,beyaz_kampanya_urunu
429,https://www.trendyol.com/tchibo---kadin--erkek--cocuk-tekstil/butikdetay/540850
429,https://www.trendyol.com/ray-ban--vogue-gunes-gozlugu-koleksiyonu/butikdetay/603381
429,https://www.trendyol.com/aqua-di-polo-saat--gunes-gozlugu---ozel-fiyatlar/butikdetay/604071
429,https://www.trendyol.com/sr?wc=86&tag=kirmizi_kampanya_urunu,turuncu_kampanya_urunu,sari_kampanya_urunu,kategori_encoksatanlar,beyaz_kampanya_urunu
429,https://www.trendyol.com/ltb/butikdetay/603621
429,https://www.trendyol.com/mayo---250-50-tl-indirim/butikdetay/603362
429,https://www.trendyol.com/sr?mid=210033,236430,236420,364451,291375
429,https://www.trendyol.com/pattaya---kadin-tekstil/butikdetay/595069
429,https://www.trendyol.com/sr?cid=603279,603340,603372,603335,603364&qt=bebekvecocukmobilyasi&bu=100288
429,https://www.trendyol.com/lancome--yves-saint-laurent--armani-beauty/butikdetay/604136
429,https://www.trendyol.com/saglik-dev-firsat/butikdetay/604046
429,https://www.trendyol.com/sr?wc=86&prc=400-*&tag=kirmizi_kampanya_urunu,turuncu_kampanya_urunu,sari_kampanya_urunu,kategori_encoksatanlar,beyaz_kampanya_urunu
429,https://www.trendyol.com/smarter-urunleriyle-bahar-temizligi/butikdetay/602955
429,https://www.trendyol.com/sr?wc=34&tag=kirmizi_kampanya_urunu,turuncu_kampanya_urunu,sari_kampanya_urunu&qt=saat&st=saat&sst=MOST_FAVOURITE
200,https://www.trendyol.com/unilever-kisisel-bakim-firsati/butikdetay/603338
200,https://www.trendyol.com/sr?rb=267,160,381,470,18,1007062,2216,991642,1102924&cid=593678,603074&tag=kirmizi_kampanya_urunu,turuncu_kampanya_urunu,sari_kampanya_urunu
200,https://www.trendyol.com/dogus-perakende---in4out-designer/butikdetay/464545
200,https://www.trendyol.com/sr?wc=103546,103542,103549,103554,109285,103563,103558&tag=kirmizi_kampanya_urunu,turuncu_kampanya_urunu,sari_kampanya_urunu&bu=100103,100104&sst=BEST_SELLER&prc=10-*
200,https://www.trendyol.com/missha/butikdetay/603723
200,https://www.trendyol.com/sr?wc=56,55,1151,107&bu=100148,100160,100161
200,https://www.trendyol.com/bg-store---cocuk-koleksiyonu/butikdetay/603676
200,https://www.trendyol.com/kutahya-porselen---sepette--40-indirim/butikdetay/603536
200,https://www.trendyol.com/gumus-takilarda-buyuk-indirim---buyuk-bahar/butikdetay/603449
200,https://www.trendyol.com/flo----400-tl-ye-100-tl-kupon/butikdetay/604010
200,https://www.trendyol.com/sr?fl=ev-giyim-ic-giyim-mayonun-en-yenileri&tag=sari_kampanya_urunu%2Cturuncu_kampanya_urunu%2Ckirmizi_kampanya_urunu%2Csiyah_kampanya_urunu%2Ckategoriler_encoksatan&wc=82
200,https://www.trendyol.com/sinoz/butikdetay/600111
200,https://www.trendyol.com/sr?wc=104026,109005&tag=kirmizi_kampanya_urunu,turuncu_kampanya_urunu,sari_kampanya_urunu,beyaz_kampanya_urunu
200,https://www.trendyol.com/daniel-klein-saat-koleksiyonu/butikdetay/603376
200,https://www.trendyol.com/seda-altin/butikdetay/603603
200,https://www.trendyol.com/yeni-trend-mobilyalar/butikdetay/600118
200,https://www.trendyol.com/sr?cid=603279,603340,603372,603335,603364&qt=bahcemobilyasi&bu=100165
200,https://www.trendyol.com/fox---kacirilmayacak-firsatlar/butikdetay/591912
200,https://www.trendyol.com/sevim--gizzey---pijama--ic-giyim/butikdetay/604081
200,https://www.trendyol.com/evyap-firsatlari/butikdetay/603958
200,https://www.trendyol.com/saatini--gozlugunu-sec/butikdetay/603379
200,https://www.trendyol.com/dekorasyonda-yenilik-zamani/butikdetay/599597
200,https://www.trendyol.com/ves-deri/butikdetay/594988
429,https://www.trendyol.com/sr?tag=kirmizi_kampanya_urunu%2Csari_kampanya_urunu%2Cturuncu_kampanya_urunu%2Ckategori_encoksatanlar&bu=100152,56,57,100226&sst=SCORE
429,https://www.trendyol.com/tonymoly/butikdetay/602925
200,https://www.trendyol.com/max-factor--rimmel-london/butikdetay/603933
200,https://www.trendyol.com/polo55--silvio-monetti---saat--gunes-gozlugu/butikdetay/596590
200,https://www.trendyol.com/sr?wc=105,34,145185&tag=kirmizi_kampanya_urunu,turuncu_kampanya_urunu,sari_kampanya_urunu&rd=true&sst=BEST_SELLER
200,https://www.trendyol.com/dilek-hanif-x-trendyol/butikdetay/603817
200,https://www.trendyol.com/gozlukte-firsat-zamani/butikdetay/600918
200,https://www.trendyol.com/guess-ft/butikdetay/603903
200,https://www.trendyol.com/onur-market-buyuk-bahar-kampanyasi/butikdetay/603996
200,https://www.trendyol.com/sr?wg=3&cid=603489,603490,603492,603493,603494,603357,603359
200,https://www.trendyol.com/yumos-ayicik-hediyeli-urunler/butikdetay/600903
429,https://www.trendyol.com/sr?wc=104026,109005
429,https://www.trendyol.com/sr?wc=104045&os=1&sk=1
429,https://www.trendyol.com/sr?tag=turuncu_kampanya_urunu%2Csari_kampanya_urunu%2Ckirmizi_kampanya_urunu&cid=603771
429,https://www.trendyol.com/sr?wc=1172,104543,1108&bu=100094,100093&wg=1,2
429,https://www.trendyol.com/sr?wg=2&mid=165724
429,https://www.trendyol.com/pandora/butikdetay/601622
429,https://www.trendyol.com/sr?wc=105442%2C101398%2C109249%2C148181%2C108713%2C103982%2C104185%2C104188&cc=true&sst=BEST_SELLER
429,https://www.trendyol.com/sr?rb=18,58,381,1007062,502,110,267,160,828,14&bu=100151&fc=true&cc=true&prc=0-299&sst=BEST_SELLER
200,https://www.trendyol.com/penti---young/butikdetay/602935
200,https://www.trendyol.com/sr?wb=133&bu=100093,100094,100095
200,https://www.trendyol.com/sr?wg=1,2,3&mid=104972&bu=44,76,66&sst=BEST_SELLER
429,https://www.trendyol.com/sr?wc=1363%2C144836%2C101411&sst=BEST_SELLER
200,https://www.trendyol.com/sr?rb=16,682,9240,865,8616,7770,17,1479,15,9022,2553,752,3455,11517,1402,10737,10751,8276,13,3266,470,160,991642,14,381,267,1007062,502,58&sst=BEST_SELLER&pr=2
200,https://www.trendyol.com/sr?wb=239,880,145778,102872,836,132510,108836,320,142660,276&wc=34&qt=saat&st=saat&sst=BEST_SELLER
429,https://www.trendyol.com/sr?mid=528
429,https://www.trendyol.com/sr?wc=105%2C34&bu=89%2C90%2C91%2C92&scp=true&sst=MOST_FAVOURITE
429,https://www.trendyol.com/sr?prm=2917453&mid=109635
200,https://www.trendyol.com/sr?mid=109430&os=1
200,https://www.trendyol.com/aqua-di-polo-saat--gunes-gozlugu/butikdetay/604070
200,https://www.trendyol.com/sr?mid=2844
200,https://www.trendyol.com/sr?cid=603337,603330,603341,603344,603347,603350,603351
200,https://www.trendyol.com/lily--rose-x-trendyol/butikdetay/602231
200,https://www.trendyol.com/sr?wc=92&os=1&sk=1&sst=BEST_SELLER
200,https://www.trendyol.com/magaza/henkel-beauty-care-m-239540?sst=0
200,https://www.trendyol.com/sr?wc=102&q=anne&qt=anne+%C3%A7ocuk+kolye&st=anne+%C3%A7ocuk+kolye&os=1&sst=BEST_SELLER
200,https://www.trendyol.com/sr?cid=603279,603340,603372,603335,603364&qt=ofismobilyasi&bu=100164
429,https://www.trendyol.com/sr?wg=1,2,3&cc=true&bu=100093,100094&sst=BEST_SELLER
429,https://www.trendyol.com/zeynep-tosun-x-trendyol/butikdetay/601582
429,https://www.trendyol.com/sr?wc=109249%2C103961%2C109247%2C109248%2C109718&sst=MOST_FAVOURITE
429,https://www.trendyol.com/elektrikli-tasitlar-x-c145805
429,https://www.trendyol.com/the-ordinary/butikdetay/603355
429,https://www.trendyol.com/sr?wg=3&wc=114&attr=116|1665
429,https://www.trendyol.com/sr?wb=101990&os=1&sk=1
429,https://www.trendyol.com/sr?cid=603099,603100
200,https://www.trendyol.com/magaza/sagaza-m-150844
200,https://www.trendyol.com/luks-saatler--gozlukler/butikdetay/603377
200,https://www.trendyol.com/sr?mid=1109&os=1&sst=BEST_SELLER
200,https://www.trendyol.com/sr?rc=3209,419,3192,581,583,603,530,2243,5019,394&bu=100151&sst=BEST_SELLER
200,https://www.trendyol.com/sr?rb=58,502&cid=603074,603214,603079&tag=kirmizi_kampanya_urunu,turuncu_kampanya_urunu,sari_kampanya_urunu
200,https://www.trendyol.com/sr?wc=104011&bu=100142&sst=BEST_SELLER&os=1
200,https://www.trendyol.com/sr?wc=119%2C1016%2C1019%2C73%2C75%2C56%2C69%2C70%2C120&bu=100148
200,https://www.trendyol.com/saat--hediye-setleri/butikdetay/603433
200,https://www.trendyol.com/sr?cid=603207,603208
200,https://www.trendyol.com/magaza/urban-care-m-132074?sst=0
200,https://www.trendyol.com/sr?mid=1718&os=1
200,https://www.trendyol.com/sr?cid=603348,603352,603353,603354,603356,603358,603361,603362,603363,603937,604001
200,https://www.trendyol.com/magaza/estee-lauder-m-109236?sk=1&sst=0
200,https://www.trendyol.com/sr?wc=28&cc=true&os=1&sst=MOST_FAVOURITE
200,https://www.trendyol.com/banyo-urunlerinde-firsat---buyuk-bahar/butikdetay/603239
200,https://www.trendyol.com/sr?cid=601493,599943,602089,602210,602211,602407
200,https://www.trendyol.com/kadin--erkek--cocuk-tekstil---200-40-tl-indirim/butikdetay/603363
200,https://www.trendyol.com/sr?prm=2919768&mid=378048
200,https://www.trendyol.com/sr/?mid=107139&sst=BEST_SELLER
200,https://www.trendyol.com/sr?mid=104972
200,https://www.trendyol.com/under-armour---project-rock-koleksiyonu/butikdetay/598429
200,https://www.trendyol.com/sr?cid=603928,604047
200,https://www.trendyol.com/sr?fl=secili-intel-islemcili-bilgisayarlar&sst=BEST_SELLER
200,https://www.trendyol.com/sr?cid=603507,604122
200,https://www.trendyol.com/sr?mid=155194&os=1
200,https://www.trendyol.com/sr?wc=1149%2C1179%2C1205%2C1128%2C103507&bu=100145&sst=BEST_SELLER
200,https://www.trendyol.com/magaza/note-cosmetics-m-205639?sst=0
200,https://www.trendyol.com/sr?cid=603425,603417,602410,587554,600350
200,https://www.trendyol.com/sr?mid=106880&cid=603358
200,https://www.trendyol.com/scalpers/butikdetay/592600
200,https://www.trendyol.com/sr?wc=1159,101388,1162,1187,101416,104077,104065,104066,104067,109363,144698,144699,144787&bu=100173
200,https://www.trendyol.com/bargello-parfum-x-b109919-c86
200,https://www.trendyol.com/sr?q=g%C3%B6zl%C3%BCk&qt=g%C3%B6zl%C3%BCk&st=g%C3%B6zl%C3%BCk&os=1&prc=0-150&sst=SCORE
200,https://www.trendyol.com/hurma-x-c109718?sst=BEST_SELLER
200,https://www.trendyol.com/magaza/tasarruflu-magaza-m-160434
200,https://www.trendyol.com/sr?wg=1&bu=66,43,46&cc=true&sst=BEST_SELLER
200,https://www.trendyol.com/daniel-wellington/butikdetay/601193
200,https://www.trendyol.com/magaza/burotime-m-369598?sst=0
200,https://www.trendyol.com/sr?mid=104929
200,https://www.trendyol.com/sr?wc=1363&wb=660&qt=bebek%20bezi&st=bebek%20bezi&sst=BEST_SELLER&os=1
200,https://www.trendyol.com/sr?wc=105&wb=303&qt=g%C3%BCne%C5%9F%20g%C3%B6zl%C3%BC%C4%9F%C3%BC&st=g%C3%BCne%C5%9F&sst=MOST_FAVOURITE
200,https://www.trendyol.com/saglik-urunlerinde-buyuk-cadir/butikdetay/603715
200,https://www.trendyol.com/kedi-mamasi-x-c103588?sst=BEST_SELLER
200,https://www.trendyol.com/madamra---cantada-kacirilmayacak-firsatlar/butikdetay/594977
200,https://www.trendyol.com/sr?wc=28&scp=true&sst=BEST_SELLER&bu=100103
200,https://www.trendyol.com/rammar-mart-firsati/butikdetay/600169
200,https://www.trendyol.com/sr?wc=27,82,114,104593&bu=100146,100283,100147,100145&sst=BEST_SELLER
200,https://www.trendyol.com/sr?bu=100146%2C100283%2C100145%2C100147%2C100160%2C100161&rc=530%2C418%2C3184%2C5019%2C581%2C3183%2C583%2C580%2C3906%2C578&rb=15%2C17%2C1479%2C7770%2C8616%2C865%2C12%2C9240%2C682&sst=BEST_SELLER
200,https://www.trendyol.com/sr?fl=dermokozmetikurunler
200,https://www.trendyol.com/sr?lc=66%2C1095%2C101469%2C67%2C110%2C1147%2C101468%2C101490%2C102784%2C104224%2C104226%2C1115%2C106131%2C1186%2C108868%2C104582%2C104667%2C104666%2C105854%2C103687&q=plaj&qt=plaj&st=plaj&bu=56&os=1&sst=SCORE
200,https://www.trendyol.com/deep-fresh--savon-de-royal-firsatlari/butikdetay/603974
200,https://www.trendyol.com/sr?rb=502,470
200,https://www.trendyol.com/sr?wc=109453&qt=robot+s%C3%BCp%C3%BCrge&st=robot+s%C3%BCp%C3%BCrge&pr=4&sst=BEST_SELLER
200,https://www.trendyol.com/pet-shop-x-c1142
200,https://www.trendyol.com/sr?cid=603279,603340,603372,603335,603364&qt=yatakodamobilyasi&bu=100163
200,https://www.trendyol.com/mudo---kadin--erkek-tekstil---yeni-sezon/butikdetay/594565
200,https://www.trendyol.com/magaza/origins-m-303555?sst=0
200,https://www.trendyol.com/sr?mid=111214&os=1
200,https://www.trendyol.com/sr?wc=109334,104461,104538,110304,110306,110303,144415,103672
200,https://www.trendyol.com/sr?wc=105,34,145185&tag=kirmizi_kampanya_urunu,turuncu_kampanya_urunu,sari_kampanya_urunu&cc=true&sst=BEST_SELLER
200,https://www.trendyol.com/diversey-urunlerinde-bahar-firsati/butikdetay/602614
200,https://www.trendyol.com/sr?cid=603249,603250,603251,603252,603253,601352,601353,601354,601355,601356,601528
200,https://www.trendyol.com/sr?prm=2926370&mid=2727
200,https://www.trendyol.com/sr?wc=34,105,145185&sst=BEST_SELLER&rd=true
200,https://www.trendyol.com/sr?wc=105478&tag=kirmizi_kampanya_urunu,turuncu_kampanya_urunu,sari_kampanya_urunu&sst=BEST_SELLER&os=1
200,https://www.trendyol.com/sr?wc=1104&wb=577
200,https://www.trendyol.com/nautica---kadin--erkek--cocuk-koleksiyonu/butikdetay/561806
200,https://www.trendyol.com/tonny-black/butikdetay/603635
200,https://www.trendyol.com/sr?wc=34&wb=333,217&tag=turuncu_kampanya_urunu,sari_kampanya_urunu&qt=saat&st=saa&sst=MOST_FAVOURITE
200,https://www.trendyol.com/sr?prm=2848157&mid=106807
200,https://www.trendyol.com/magaza/missha-turkiye-m-294914?sk=1&sst=0
200,https://www.trendyol.com/selin-kolonyalari-99-tl-ye-15-tl-indirim/butikdetay/603920
200,https://www.trendyol.com/sr?wc=34&tag=kirmizi_kampanya_urunu,turuncu_kampanya_urunu,sari_kampanya_urunu&qt=saat&st=saat&sst=MOST_FAVOURITE&os=1
200,https://www.trendyol.com/sr?mid=409609,287423,179002
200,https://www.trendyol.com/sr?rb=481,10212,13380&tag=kirmizi_kampanya_urunu,turuncu_kampanya_urunu,sari_kampanya_urunu
200,https://www.trendyol.com/gant---kadin--erkek-koleksiyonu/butikdetay/561805
200,https://www.trendyol.com/sr?wc=89%2C103799&bu=100100%2C100108%2C100113%2C100141%2C100143%2C100142%2C100144&cc=true&sst=BEST_SELLER
200,https://www.trendyol.com/sr?cid=604112
200,https://www.trendyol.com/sr?wc=103671%2C108664%2C106086%2C106088%2C106320%2C144410%2C109309%2C106089&prc=0-300
200,https://www.trendyol.com/pinar-online/butikdetay/604129
200,https://www.trendyol.com/sr?rb=598&bu=100148
200,https://www.trendyol.com/note/butikdetay/604000
200,https://www.trendyol.com/sr?wc=104156,104157,103669,109343,143233,104124,143235,143234,143232,104124
200,https://www.trendyol.com/sr?wb=144&os=1&sk=1
200,https://www.trendyol.com/ev-urunlerinde-dev-firsatlar/butikdetay/603360
200,https://www.trendyol.com/magaza/veet-m-371759?sst=0
200,https://www.trendyol.com/sr?tag=kirmizi_kampanya_urunu%2Csari_kampanya_urunu%2Cturuncu_kampanya_urunu%2Ckategori_encoksatanlar&bu=100152,56,57,100226&sst=SCORE
200,https://www.trendyol.com/privacy--emotion/butikdetay/603971
200,https://www.trendyol.com/sr?q=sneakar&qt=sneakar&st=sneakar&os=1&sst=MOST_FAVOURITE
200,https://www.trendyol.com/sr?cid=603439,603441,603436,603435,602407
200,https://www.trendyol.com/sr?wb=670&mid=107812&os=1
200,https://www.trendyol.com/sr?wc=34,105&sst=BEST_SELLER
200,https://www.trendyol.com/muggo---kacirilmayacak-firsatlar/butikdetay/584262
200,https://www.trendyol.com/sr?q=gelin+sa%C3%A7+aksesuar%C4%B1&qt=gelin+sa%C3%A7+aksesuar%C4%B1&st=gelin+sa%C3%A7+aksesuar%C4%B1&os=1&sk=1&sst=BEST_SELLER
200,https://www.trendyol.com/sr?mid=454&sst=BEST_SELLER
200,https://www.trendyol.com/sr?wc=103950,103956,103954,105447,144188&sst=BEST_SELLER
200,https://www.trendyol.com/sr?wb=333,54,101655,144170,745,144124,634,105433,307,143065
200,https://www.trendyol.com/magaza/lee-wrangler-m-352836?sst=0
200,https://www.trendyol.com/ariste-peynir-4-al-3-ode/butikdetay/603908
200,https://www.trendyol.com/sr?mid=138932&os=1&sst=BEST_SELLER
200,https://www.trendyol.com/sr?wc=144185&qt=makyaj&st=makyaj&os=1&sst=BEST_SELLER
200,https://www.trendyol.com/sr?q=tatl%C4%B1&qt=tatl%C4%B1&st=tatl%C4%B1&os=1&sst=BEST_SELLER
200,https://www.trendyol.com/sr?mid=138932&os=1
200,https://www.trendyol.com/temel-mutfak-ihtiyaclari---2--urune--20-indirim/butikdetay/604021
200,https://www.trendyol.com/sr?cid=603205,603206
200,https://www.trendyol.com/sr?wb=239%2C276&sst=BEST_SELLER
200,https://www.trendyol.com/sr?q=kolye&qt=kolye&st=kolye&sst=MOST_FAVOURITE
200,https://www.trendyol.com/magaza/tasarruflu-magaza-m-1138
200,https://www.trendyol.com/pierre-cardin---ic-giyim/butikdetay/596680
200,https://www.trendyol.com/sr?wc=109336,108940,109340,144646,144701,145474,145473,144644
200,https://www.trendyol.com/saat--saat/butikdetay/603378
200,https://www.trendyol.com/sr?wc=34&wb=315&qt=saat&st=saat&sst=MOST_FAVOURITE
200,https://www.trendyol.com/sr?wg=1,2,3&cc=true&bu=100160,100161&sst=BEST_SELLER
200,https://www.trendyol.com/sr?mid=4272&os=1
200,https://www.trendyol.com/sr?wb=439&lc=101465,1152,1151,104144,115,104145&qt=nautica&st=nautica&os=1
200,https://www.trendyol.com/sr?wc=109&cid=594076,599911&sst=MOST_FAVOURITE
200,https://www.trendyol.com/bee-happy-by-bee-goddes/butikdetay/603609
200,https://www.trendyol.com/sr?prm=2872128&mid=164806
200,https://www.trendyol.com/sr?wb=142603&mid=64&os=1
200,https://www.trendyol.com/sr?mid=2471&bu=100158
200,https://www.trendyol.com/sr?wc=145465%2C145478%2C103678%2C143251%2C104211%2C1201%2C144648%2C108939%2C1012%2C&sst=BEST_SELLER
200,https://www.trendyol.com/sr?mid=160434&os=1
200,https://www.trendyol.com/magaza/kiko-milano-m-387700?sst=0
200,https://www.trendyol.com/sr?wg=2&mid=105292
200,https://www.trendyol.com/ccity---ev-giyim--ic-giyim/butikdetay/595509
200,https://www.trendyol.com/sr?q=farmasi&qt=farmasi&st=farmasi&os=1
200,https://www.trendyol.com/sr?wb=658&os=1&sk=1
200,https://www.trendyol.com/sr?cid=603434,603417
200,https://www.trendyol.com/sr?wc=108656%2C104118%2C104117%2C104120%2C103668%2C103662&prc=120-*&sst=BEST_SELLER
200,https://www.trendyol.com/ipad-tabletlerde-firsatlar/butikdetay/603829
200,https://www.trendyol.com/sr?wg=2&rb=58&sst=BEST_SELLER
200,https://www.trendyol.com/sr?wc=34&attr=15%7C751_752&qt=saat&st=saat&sst=BEST_SELLER
200,https://www.trendyol.com/sr?prm=2859931&mid=112324
200,https://www.trendyol.com/raisavanessa-for-trendyol/butikdetay/603816
200,https://www.trendyol.com/sr?prm=2863593&mid=358622
200,https://www.trendyol.com/sr?wb=333%2C138%2C300%2C512%2C308%2C104574%2C581%2C374%2C559%2C850%2C828%2C108841%2C122%2C54%2C108091%2C104594%2C101603%2C104575%2C108850%2C764%2C109855%2C108095%2C106002%2C101715%2C106159%2C434%2C157%2C109771%2C307%2C722%2C104783%2C517%2C111369%2C105433%2C531%2C143671%2C511%2C529%2C766%2C108531&wc=34&qt=saat&st=saat&bu=91&prc=1000-100000&sst=BEST_SELLER
200,https://www.trendyol.com/sr?mid=106880
200,https://www.trendyol.com/sagaza/butikdetay/596462
200,https://www.trendyol.com/aqua-di-polo-parfum/butikdetay/603973
200,https://www.trendyol.com/sr?q=avon&qt=avon&st=avon&os=1
200,https://www.trendyol.com/sr?wc=102377%2C1161%2C1163%2C104074%2C110275%2C1160&sst=BEST_SELLER
200,https://www.trendyol.com/sr?q=vicco&qt=vicco&st=vicco&os=1
200,https://www.trendyol.com/knorr-ve-calve-firsatlari/butikdetay/602386
200,https://www.trendyol.com/magaza/shiseido-m-170390?sst=0
200,https://www.trendyol.com/magaza/darphin-m-303523?sst=0
200,https://www.trendyol.com/sr?wc=101429%2C101426%2C1172%2C105794%2C101423%2C101422&bu=100093%2C100094&wg=1%2C2&sst=MOST_FAVOURITE
200,https://www.trendyol.com/sr?q=oriflame&qt=oriflame&st=oriflame&os=1
200,https://www.trendyol.com/ev-urunlerinde-firsat-var/butikdetay/602981
200,https://www.trendyol.com/sr?rb=12%2C1267%2C3399
200,https://www.trendyol.com/sr?bu=100160,100161&wb=54&os=1&sk=1
200,https://www.trendyol.com/sr?q=k%C3%BCpe&qt=k%C3%BCpe&st=k%C3%BCpe&sst=SCORE
200,https://www.trendyol.com/pg-kisisel-bakim-firsati/butikdetay/603648
200,https://www.trendyol.com/sr?wc=142587%2C1025%2C118%2C1149%2C1128%2C104593%2C145856%2C145855%2C147835%2C147833%2C147834%2C145877&bu=100145&sst=MOST_FAVOURITE
200,https://www.trendyol.com/sr?wc=85&bu=100172&prc=0-100&sst=BEST_SELLER
200,https://www.trendyol.com/sr?wb=122&mid=163&sst=BEST_SELLER
200,https://www.trendyol.com/sr?wc=1148,1144
200,https://www.trendyol.com/sr?wc=104125%2C91&rd=true&sst=MOST_FAVOURITE&
200,https://www.trendyol.com/sr?mid=1717&os=1
200,https://www.trendyol.com/sr?wc=34&wb=320,108562,306,276,108091,143671&tag=kirmizi_kampanya_urunu,turuncu_kampanya_urunu,sari_kampanya_urunu&qt=saat&st=saat&sst=BEST_SELLER
200,https://www.trendyol.com/sr?mid=107579&os=1
200,https://www.trendyol.com/ev-tekstilinde-aradiginiz-her-sey/butikdetay/603204
200,https://www.trendyol.com/tripy---yeni-sezon/butikdetay/583872
200,https://www.trendyol.com/sr?wb=714,129&mid=968,119
200,https://www.trendyol.com/sr?wc=1195,101434,103730,103728&sst=BEST_SELLER
200,https://www.trendyol.com/sr?wc=105478&fc=true
200,https://www.trendyol.com/sr?wg=1&rb=22,828,18,58,381,1007062,502,110,267,160,842,3268,2685,2686,4951,19,13904,4869,866,52&sst=BEST_SELLER&rc=604
200,https://www.trendyol.com/sr?wb=128&cid=598114&sst=MOST_RECENT
200,https://www.trendyol.com/baharat-dukkani-firsatlari/butikdetay/603728
200,https://www.trendyol.com/sr?wb=298,474,473,452,105801,458,399,459,102342&wc=105&qt=g%C3%BCne%C5%9F%20g%C3%B6zl%C3%BC%C4%9F%C3%BC&st=g%C3%BCne%C5%9F&sst=BEST_SELLER
200,https://www.trendyol.com/sr?rc=3214,604,975,429,425,427,1186&bu=100146,100151,100145,100283,100166&sst=BEST_SELLER
429,https://www.trendyol.com/magaza/lancome-m-210033?sst=0
200,https://www.trendyol.com/sr?mid=167118&os=1
429,https://www.trendyol.com/sr?wg=1,2,3&cc=true&bu=100095&sst=BEST_SELLER
429,https://www.trendyol.com/love-on-friday/butikdetay/593735
429,https://www.trendyol.com/sr?rb=18,58,381,502,110,1007062,267,160,14,470,991642,22,828,944205&bu=100151&sst=BEST_SELLER
429,https://www.trendyol.com/magaza/armani-beauty-m-236420?sst=0
429,https://www.trendyol.com/sr?q=puma&qt=puma&st=puma
429,https://www.trendyol.com/sr?prm=2859931&mid=112324
200,https://www.trendyol.com/colin-s/butikdetay/604119
200,https://www.trendyol.com/sr?prm=2893248,2893334,2846598&tag=kirmizi_kampanya_urunu,turuncu_kampanya_urunu,sari_kampanya_urunu
200,https://www.trendyol.com/sr?cid=601373,601372,601371,601370,601369,601368,601366,601580,601579,603590
200,https://www.trendyol.com/mutlu-makarna-firsatlari/butikdetay/603834
429,https://www.trendyol.com/sr?q=makyaj&qt=makyaj&st=makyaj&os=1
429,https://www.trendyol.com/magaza/nivea-m-571412?sst=0
429,https://www.trendyol.com/sr?wg=1&rb=15,619,8616,58,13,502,8276,983229,924,1206,9503,8238&bu=100146,100151,100145,100283,100166,100160,100161&sst=MOST_RECENT
429,https://www.trendyol.com/mobilyanin-vazgecilmezleri/butikdetay/603424
429,https://www.trendyol.com/sr?wc=105478&os=1&sk=1&bu=100142&sst=BEST_SELLER
200,https://www.trendyol.com/sr?cid=603413,603411,603407,603405,603404,603402,603400
200,https://www.trendyol.com/dark-seer---buyuk-bahar-indirimleri/butikdetay/603593
200,https://www.trendyol.com/magaza/join-us-m-108106?sst=0
200,https://www.trendyol.com/sr?wb=122&bu=100093,100094,100095
200,https://www.trendyol.com/lacoste---ilkbahar--yaz-koleksiyonu/butikdetay/603870
200,https://www.trendyol.com/sr?mid=2997
200,https://www.trendyol.com/sr?rb=7770%2C15%2C1479%2C17%2C8616%2C865%2C1410%2C682%2C9240%2C3399%2C13%2C3266%2C13546%2C8276%2C10737%2C11517%2C752%2C3455%2C1402%2C10751&bu=100146%2C100283%2C100147%2C100145&fc=true&cc=true&sst=BEST_SELLER
200,https://www.trendyol.com/sr?wc=103561%2C103563%2C103559%2C103562&bu=100103%2C100102&sst=MOST_FAVOURITE
200,https://www.trendyol.com/sagaza-studio-x-trendyol/butikdetay/603820
200,https://www.trendyol.com/sr?wb=601,602,108676
200,https://www.trendyol.com/sr?cid=600350,602410,587554,598913
429,https://www.trendyol.com/sr?wc=1057&wc=144727&bu=100093,100094&wg=1,2
429,https://www.trendyol.com/wella-firsatlari/butikdetay/601735
429,https://www.trendyol.com/magaza/clinique-m-108362?sst=0
429,https://www.trendyol.com/mobilyada-kacirilmaz-firsatlar/butikdetay/603349
429,https://www.trendyol.com/sr?wg=1&rb=160&bu=100151
429,https://www.trendyol.com/sr?mid=108405&os=1&sst=BEST_SELLER
200,https://www.trendyol.com/sr?mid=134068&os=1
200,https://www.trendyol.com/oturma-gruplarinda-dev-firsat/butikdetay/603290
200,https://www.trendyol.com/bahce-mobilyasinda-dev-firsat/butikdetay/603282
200,https://www.trendyol.com/mobilyada-dev-firsatlar/butikdetay/603373
200,https://www.trendyol.com/magaza/kiehl-s-m-391407?sst=0
200,https://www.trendyol.com/mutfak-sarf-malzemeleri-x-c103933?sst=BEST_SELLER
200,https://www.trendyol.com/magaza/flormar-turkiye-m-4473?sst=0
200,https://www.trendyol.com/magaza/watsons-turkiye-m-468928?sst=0
200,https://www.trendyol.com/magaza/selin-beauty-m-193786?sst=0
200,https://www.trendyol.com/magaza/recete-m-105008
200,https://www.trendyol.com/magaza/mac-m-104736?sst=0
200,https://www.trendyol.com/sr?mid=545
200,https://www.trendyol.com/sr?wc=103113,103112,109327,109328,109335,108626,104584
200,https://www.trendyol.com/magaza/the-body-shop-m-167480?sst=0
200,https://www.trendyol.com/magaza/bath-body-works-m-170399?sst=0
200,https://www.trendyol.com/sr?wb=103478&mid=107819&os=1&sst=MOST_FAVOURITE
200,https://www.trendyol.com/magaza/english-home-m-107113?sst=0
200,https://www.trendyol.com/sr?wg=1,2&bu=100160,100161&sst=BEST_SELLER
200,https://www.trendyol.com/magaza/network-m-267?sst=0
200,https://www.trendyol.com/sr?mid=1607
200,https://www.trendyol.com/sr?mid=2880
200,https://www.trendyol.com/sr?mid=2938
200,https://www.trendyol.com/sr?mid=104708
200,https://www.trendyol.com/sr?wc=89%2C103799&bu=100100%2C100108%2C100113%2C100141%2C100143%2C100142%2C100144&rd=true&sst=BEST_SELLER
429,https://www.trendyol.com/sr?bu=100093%2C100094%2C100095&scp=true&tag=kirmizi_kampanya_urunu%2Cturuncu_kampanya_urunu%2Csari_kampanya_urunu
200,https://www.trendyol.com/sr?wb=102285,104971,101939,102345,108203,795,102341,791,577,111301,806,103505,104986,102900&wc=1067&sst=SCORE
200,https://www.trendyol.com/sr?wc=144046,144047,104272,144432,144045,105797,105796,105799,108889,104045
200,https://www.trendyol.com/magaza/versace-m-547837?sst=0
200,https://www.trendyol.com/sr?q=harf+kolye&qt=harf+kolye&st=harf+kolye&sst=MOST_FAVOURITE
200,https://www.trendyol.com/sr?wb=200
200,https://www.trendyol.com/sr?q=do%C4%9Fal+ta%C5%9F+kolyeler&qt=do%C4%9Fal+ta%C5%9F+kolyeler&st=do%C4%9Fal+ta%C5%9F+kolyeler&sst=SCORE
200,https://www.trendyol.com/sr?wc=103544,103547,103552,103559,109125,109286,109289,103541&bu=100103&sst=MOST_FAVOURITE
200,https://www.trendyol.com/sr?mid=522181
200,https://www.trendyol.com/sr?mid=353913&os=1
200,https://www.trendyol.com/sr?wb=768&sst=BEST_SELLER
200,https://www.trendyol.com/sr?wg=3&mid=162537
200,https://www.trendyol.com/sr?wg=1&wc=103718,101430,103082,1151
200,https://www.trendyol.com/sr?wb=128
200,https://www.trendyol.com/magaza/kappa-turkiye-m-484261?sst=0
200,https://www.trendyol.com/sr?wb=1225
200,https://www.trendyol.com/sr?&wb=104687
200,https://www.trendyol.com/sr?q=piercing&qt=piercing&st=piercing&sst=BEST_SELLER
200,https://www.trendyol.com/sr?rb=15%2C7770%2C17%2C1479%2C13%2C3266%2C8276%2C10737%2C9247%2C9248&bu=100145%2C100146%2C100283%2C100151%2C100147&sst=MOST_RECENT
200,https://www.trendyol.com/sr?wg=1&wb=110348&mid=106756&os=1
200,https://www.trendyol.com/sr?mid=360260&os=1
200,https://www.trendyol.com/sr?wc=74,1149,110473,79,1205,121,1029,120,1025,1128,118,1030,1179&bu=100151&sst=MOST_FAVOURITE
200,https://www.trendyol.com/sr?wb=102285&lc=108626%2C146093%2C1067%2C104584%2C104583&qt=JBL&st=JBL&os=1&sst=BEST_SELLER
200,https://www.trendyol.com/sr?wg=1,2&wc=1025,1037&tag=kirmizi_kampanya_urunu,turuncu_kampanya_urunu,sari_kampanya_urunu&bu=100093,100094&sst=BEST_SELLER
200,https://www.trendyol.com/sr?q=parf%C3%BCm&qt=parf%C3%BCm&st=parf%C3%BCm&os=1&prc=0-100
200,https://www.trendyol.com/sr?wc=110%2C111%2C73%2C108775%2C104224%2C119&bu=100145&sst=BEST_SELLER
200,https://www.trendyol.com/sr?wc=87&attr=46%7C520_2836&os=1
200,https://www.trendyol.com/sr?mid=131015&os=1
200,https://www.trendyol.com/sr?bu=100093%2C100094%2C100095&wg=1%2C2&wc=107%2C113%2C1172%2C101465%2C104543%2C112&sst=MOST_FAVOURITE
200,https://www.trendyol.com/sr?wg=1&wc=101431%2C103718&sst=MOST_RATED
200,https://www.trendyol.com/sr?wc=1195,103730,101434,103728&tag=kirmizi_kampanya_urunu,turuncu_kampanya_urunu,sari_kampanya_urunu&sst=BEST_SELLER
200,https://www.trendyol.com/sr?rc=601,535,3213,3198,407,3189,3182,427&bu=100146,100283,100151,100145,100147&sst=MOST_FAVOURITE
200,https://www.trendyol.com/sr?wc=105478&prc=0-49&qt=ev+bak%C4%B1m+ve+temizlik&st=ev+bak%C4%B1m+ve+temizlik&os=1&sst=BEST_SELLER
200,https://www.trendyol.com/sr?cid=600203,602817
200,https://www.trendyol.com/sr?mid=157442&os=1
200,https://www.trendyol.com/sr?mid=2727&os=1
200,https://www.trendyol.com/sr?lc=1199,108111,108110,103782&wb=102909
200,https://www.trendyol.com/sr?q=f%C4%B1mo+kolye&qt=f%C4%B1mo+kolye&st=f%C4%B1mo+kolye&os=1&sk=1
200,https://www.trendyol.com/sr?wg=1&rb=22,828,18,58,381,1007062,502,110,267,160,842,3268,2685,2686,4951,19,13904,4869,866,52,924,1206,9503,8238,619,653,7560,9330,99,2108&rc=597,975,604,1186,594,530,394,5019
200,https://www.trendyol.com/parti-malzemeleri-x-c1136
200,https://www.trendyol.com/sr?rc=604,3192,530,603,419,3184,418,3183&rb=7770,15,18,1479,17,8616,58,865,1410,682,13,9240,381,3266,3399,16,502,1007062,13380,8276,110,10864,267,10737,13546
200,https://www.trendyol.com/sr?wg=1,2&rb=7770,15,18,1479,17,8616,58,865,1410,682,13,9240,381,3266,3399,16,502,1007062,13380,8276,110,10864,267,10737,13546&sst=MOST_FAVOURITE&rc=3209,419,581,583,603,530,2243,5019,394,418
200,https://www.trendyol.com/sr?wc=34&attr=302%7C3030_3036_3038_3040_3041_3043_3048_3049%2C303%7C3053_3058_3064_3066_3068_3069_3071_3075_3076_3077&qt=saat&st=saat&sst=MOST_FAVOURITE
200,https://www.trendyol.com/sr?mid=110656
429,https://www.trendyol.com/sr?cid=603427,603426,603422,603419,603418,603415,603406
429,https://www.trendyol.com/sr?cid=603423,603434,603376,603420,603417
429,https://www.trendyol.com/sr?cid=603819,603818
429,https://www.trendyol.com/sr?cid=603839,603838
429,https://www.trendyol.com/sr?wc=92&tag=kirmizi_kampanya_urunu%2Cturuncu_kampanya_urunu%2Csari_kampanya_urunu,beyaz_kampanya_urunu&os=1&sst=BEST_SELLER
429,https://www.trendyol.com/sr?wc=108657%2C103664%2C103661%2C144409%2C144420%2C104460%2C144405%2C103747%2C104568&tag=kirmizi_kampanya_urunu%2Cturuncu_kampanya_urunu%2Csari_kampanya_urunu,beyaz_kampanya_urunu&sst=BEST_SELLER
429,https://www.trendyol.com/sr?wc=34&wb=308&qt=saat&st=saat&sst=MOST_FAVOURITE
429,https://www.trendyol.com/sr?wc=34%2C105&tag=kirmizi_kampanya_urunu%2Cturuncu_kampanya_urunu%2Csari_kampanya_urunu&sst=BEST_SELLER
200,https://www.trendyol.com/sr?cid=604155&sst=MOST_FAVOURITE
200,https://www.trendyol.com/sr?wc=145185&tag=kirmizi_kampanya_urunu,turuncu_kampanya_urunu,sari_kampanya_urunu&q=g%C3%B6zl%C3%BCk&qt=g%C3%B6zl%C3%BCk&st=g%C3%B6zl%C3%BCk&sst=BEST_SELLER
200,https://www.trendyol.com/dufy---erkek-tekstil/butikdetay/557668
200,https://www.trendyol.com/bagmori--cantada-kacirilmayacak-firsatlar/butikdetay/589103
200,https://www.trendyol.com/armagan-oyuncak/butikdetay/596684
200,https://www.trendyol.com/ayakkabi-modasi/butikdetay/597654
200,https://www.trendyol.com/arac-gerec-cok-satanlar/butikdetay/598437
200,https://www.trendyol.com/oyuncak-cok-satanlar/butikdetay/600127
200,https://www.trendyol.com/rossmann-da-bahar-temizligi/butikdetay/602622
200,https://www.trendyol.com/23-nisan---kids/butikdetay/603113
200,https://www.trendyol.com/otomobil-ve-motosiklet-lastiklerinde-bahar-kampanyasi/butikdetay/603154
200,https://www.trendyol.com/bagmori-buyuk-bahar-kampanyasi/butikdetay/603496
200,https://www.trendyol.com/fox-buyuk-bahar-kampanyasi/butikdetay/603497
200,https://www.trendyol.com/valizde-buyuk-bahar-indirimi/butikdetay/603520
200,https://www.trendyol.com/keramika---sepette--30-indirim/butikdetay/603533
200,https://www.trendyol.com/bella-maison/butikdetay/603537
200,https://www.trendyol.com/luis-bien/butikdetay/603604
200,https://www.trendyol.com/marks--spencer---cocuk-tekstil/butikdetay/603677
200,https://www.trendyol.com/oyuncak-senligi---buyuk-bahar-kampanyasi/butikdetay/603741
200,https://www.trendyol.com/anne-bebek-bakim--arac-gerec-karnavali---buyuk-bahar-kampanyasi/butikdetay/603787
200,https://www.trendyol.com/petshopta-bahar-firsati/butikdetay/603833
200,https://www.trendyol.com/muge-plus-mp---luxury/butikdetay/603867
200,https://www.trendyol.com/gunes-urunlerinde-firsat/butikdetay/603979
200,https://www.trendyol.com/guess/butikdetay/603989
200,https://www.trendyol.com/estee-lauder--clinique/butikdetay/604117
200,https://www.trendyol.com/sac-bakimda-firsatlar/butikdetay/604137
200,https://www.trendyol.com/gap---cocuk-tekstil/butikdetay/604140
